"g1","g2","g3","HWE_p","HWE_p.1","HWE_p.2","HWE_p.3","HWE_p.4"
"T/A","C/A","T/A",,,,,0.764665644439732
,"C/A","T/A",,,,,0.134231206648112
"T/T","C/C","T/T",,,,,0.631417273127916
,"C/A","T/A",,,,,
"T/A","C/C","T/T",,,,,
,"C/A","T/A",,,,,
"T/T","C/A","T/A",,,,,
"T/A","C/A","T/A",,,,,
"T/T","C/A","T/A",,,,,
"T/T","C/C","T/T",,,,,
"T/A","C/A","T/A",,,,,
"A/A","A/A","T/T",,,,,
"T/T","C/A","T/A",,,,,
"T/A","A/A","T/A",,,,,
"T/A","C/A","T/A",,,,,
"T/T","C/C","T/T",,,,,
,"C/A","T/A",,,,,
"T/A","C/A","T/A",,,,,
"T/A","C/A","T/A",,,,,
,"A/A","T/T",,,,,
