sn,Well ,ID ,Gender,Population,Geographic.origin,Geographic.area ,AKT1.C0756A,AKT1.C6024T,AKT1.G2347T,AKT1.G2375A
1,B12 ,HGDP00980 ,F ,Biaka Pygmies ,Central African Republic,Central Africa ,CA,CT ,TT ,AA
2,A12 ,HGDP01406 ,M ,Bantu ,Kenya ,Central Africa ,CA ,CT ,TT ,AA
3,E5 ,HGDP01266 ,M ,Mozabite ,Algeria(Mzab) ,Northern Africa ,AA ,TT ,TT ,AA
4,B9 ,HGDP01006 ,F ,Karitiana,Brazil ,South America ,AA ,TT ,TT ,AA
5,E1 ,HGDP01220 ,M ,Daur ,China ,China ,AA ,TT ,TT ,AA
6,H2 ,HGDP01288 ,M ,Han ,China,China ,AA ,TT ,TT ,AA
7,G3,HGDP01246 ,M ,Xibo ,China ,China ,AA ,TT ,TT ,AA
8,H10,HGDP00705 ,M ,Colombian ,Colombia ,South America ,AA ,TT ,TT ,AA
9,H11 ,HGDP00706 ,F ,Colombian ,Colombia ,South America ,AA ,TT ,TT ,AA
10,H12 ,HGDP00707 ,F ,Colombian ,Colombia ,South America ,AA ,TT ,TT ,AA
11,A2 ,HGDP00708 ,F ,Colombian ,Colombia ,South America ,AA ,TT ,TT ,AA
12,A3 ,HGDP00709 ,M ,Colombian ,Colombia ,South America ,AA ,TT ,TT ,AA
13,A4 ,HGDP00710 ,M ,Colombian ,Colombia ,South America ,AA ,TT ,TT ,AA
14,F5 ,HGDP00598 ,M ,Druze ,Israel (Carmel) ,Israel ,AA ,TT ,TT ,AA
15,G11 ,HGDP00684 ,F ,Palestinian ,Israel (Central) ,Israel ,AA ,TT ,TT ,AA
16,C2 ,HGDP00667 ,F ,Sardinian ,Italy ,Southern Europe ,AA ,TT ,TT ,AA
17,E10 ,HGDP01155 ,M ,North Italian ,Italy (Bergamo) ,Southern Europe ,AA ,TT ,TT ,AA
18,B7 ,HGDP01415 ,M ,Bantu ,Kenya ,Central Africa ,AA ,TT ,TT ,AA
19,B8 ,HGDP01416 ,M ,Bantu ,Kenya ,Central Africa ,AA ,TT ,TT ,AA
20,G4 ,HGDP00865 ,F ,Maya ,Mexico ,Central America ,AA ,TT ,TT ,AA
